row_id,num_sold
26298,796
26299,1185
26300,277
26301,796
26302,1185
26303,277
26304,796
26305,1185
26306,277
26307,796
26308,1185
26309,277
26310,796
26311,1185
26312,277
26313,796
26314,1185
26315,277
26316,720
26317,1121
26318,284
26319,720
26320,1121
26321,284
26322,720
26323,1121
26324,284
26325,720
26326,1121
26327,284
26328,720
26329,1121
26330,284
26331,720
26332,1121
26333,284
26334,567
26335,876
26336,237
26337,567
26338,876
26339,237
26340,567
26341,876
26342,237
26343,567
26344,876
26345,237
26346,567
26347,876
26348,237
26349,567
26350,876
26351,237
26352,582
26353,844
26354,273
26355,582
26356,844
26357,273
26358,582
26359,844
26360,273
26361,582
26362,844
26363,273
26364,582
26365,844
26366,273
26367,582
26368,844
26369,273
26370,671
26371,1169
26372,333
26373,671
26374,1169
26375,333
26376,671
26377,1169
26378,333
26379,671
26380,1169
26381,333
26382,671
26383,1169
26384,333
26385,671
26386,1169
26387,333
26388,674
26389,1079
26390,356
26391,674
26392,1079
26393,356
26394,674
26395,1079
26396,356
26397,674
26398,1079
26399,356
26400,674
26401,1079
26402,356
26403,674
26404,1079
26405,356
26406,547
26407,926
26408,245
26409,547
26410,926
26411,245
26412,547
26413,926
26414,245
26415,547
26416,926
26417,245
26418,547
26419,926
26420,245
26421,547
26422,926
26423,245
26424,512
26425,925
26426,223
26427,512
26428,925
26429,223
26430,512
26431,925
26432,223
26433,512
26434,925
26435,223
26436,512
26437,925
26438,223
26439,512
26440,925
26441,223
26442,660
26443,1009
26444,250
26445,660
26446,1009
26447,250
26448,660
26449,1009
26450,250
26451,660
26452,1009
26453,250
26454,660
26455,1009
26456,250
26457,660
26458,1009
26459,250
26460,457
26461,785
26462,196
26463,457
26464,785
26465,196
26466,457
26467,785
26468,196
26469,457
26470,785
26471,196
26472,457
26473,785
26474,196
26475,457
26476,785
26477,196
26478,468
26479,894
26480,192
26481,468
26482,894
26483,192
26484,468
26485,894
26486,192
26487,468
26488,894
26489,192
26490,468
26491,894
26492,192
26493,468
26494,894
26495,192
26496,541
26497,975
26498,238
26499,541
26500,975
26501,238
26502,541
26503,975
26504,238
26505,541
26506,975
26507,238
26508,541
26509,975
26510,238
26511,541
26512,975
26513,238
26514,583
26515,1045
26516,227
26517,583
26518,1045
26519,227
26520,583
26521,1045
26522,227
26523,583
26524,1045
26525,227
26526,583
26527,1045
26528,227
26529,583
26530,1045
26531,227
26532,469
26533,818
26534,183
26535,469
26536,818
26537,183
26538,469
26539,818
26540,183
26541,469
26542,818
26543,183
26544,469
26545,818
26546,183
26547,469
26548,818
26549,183
26550,524
26551,926
26552,259
26553,524
26554,926
26555,259
26556,524
26557,926
26558,259
26559,524
26560,926
26561,259
26562,524
26563,926
26564,259
26565,524
26566,926
26567,259
26568,397
26569,764
26570,177
26571,397
26572,764
26573,177
26574,397
26575,764
26576,177
26577,397
26578,764
26579,177
26580,397
26581,764
26582,177
26583,397
26584,764
26585,177
26586,433
26587,791
26588,200
26589,433
26590,791
26591,200
26592,433
26593,791
26594,200
26595,433
26596,791
26597,200
26598,433
26599,791
26600,200
26601,433
26602,791
26603,200
26604,460
26605,859
26606,174
26607,460
26608,859
26609,174
26610,460
26611,859
26612,174
26613,460
26614,859
26615,174
26616,460
26617,859
26618,174
26619,460
26620,859
26621,174
26622,565
26623,884
26624,218
26625,565
26626,884
26627,218
26628,565
26629,884
26630,218
26631,565
26632,884
26633,218
26634,565
26635,884
26636,218
26637,565
26638,884
26639,218
26640,630
26641,1206
26642,204
26643,630
26644,1206
26645,204
26646,630
26647,1206
26648,204
26649,630
26650,1206
26651,204
26652,630
26653,1206
26654,204
26655,630
26656,1206
26657,204
26658,386
26659,785
26660,143
26661,386
26662,785
26663,143
26664,386
26665,785
26666,143
26667,386
26668,785
26669,143
26670,386
26671,785
26672,143
26673,386
26674,785
26675,143
26676,625
26677,1076
26678,260
26679,625
26680,1076
26681,260
26682,625
26683,1076
26684,260
26685,625
26686,1076
26687,260
26688,625
26689,1076
26690,260
26691,625
26692,1076
26693,260
26694,429
26695,767
26696,176
26697,429
26698,767
26699,176
26700,429
26701,767
26702,176
26703,429
26704,767
26705,176
26706,429
26707,767
26708,176
26709,429
26710,767
26711,176
26712,399
26713,793
26714,182
26715,399
26716,793
26717,182
26718,399
26719,793
26720,182
26721,399
26722,793
26723,182
26724,399
26725,793
26726,182
26727,399
26728,793
26729,182
26730,535
26731,892
26732,219
26733,535
26734,892
26735,219
26736,535
26737,892
26738,219
26739,535
26740,892
26741,219
26742,535
26743,892
26744,219
26745,535
26746,892
26747,219
26748,814
26749,1408
26750,319
26751,814
26752,1408
26753,319
26754,814
26755,1408
26756,319
26757,814
26758,1408
26759,319
26760,814
26761,1408
26762,319
26763,814
26764,1408
26765,319
26766,546
26767,923
26768,264
26769,546
26770,923
26771,264
26772,546
26773,923
26774,264
26775,546
26776,923
26777,264
26778,546
26779,923
26780,264
26781,546
26782,923
26783,264
26784,439
26785,716
26786,201
26787,439
26788,716
26789,201
26790,439
26791,716
26792,201
26793,439
26794,716
26795,201
26796,439
26797,716
26798,201
26799,439
26800,716
26801,201
26802,543
26803,899
26804,214
26805,543
26806,899
26807,214
26808,543
26809,899
26810,214
26811,543
26812,899
26813,214
26814,543
26815,899
26816,214
26817,543
26818,899
26819,214
26820,418
26821,748
26822,168
26823,418
26824,748
26825,168
26826,418
26827,748
26828,168
26829,418
26830,748
26831,168
26832,418
26833,748
26834,168
26835,418
26836,748
26837,168
26838,446
26839,829
26840,155
26841,446
26842,829
26843,155
26844,446
26845,829
26846,155
26847,446
26848,829
26849,155
26850,446
26851,829
26852,155
26853,446
26854,829
26855,155
26856,479
26857,832
26858,211
26859,479
26860,832
26861,211
26862,479
26863,832
26864,211
26865,479
26866,832
26867,211
26868,479
26869,832
26870,211
26871,479
26872,832
26873,211
26874,530
26875,978
26876,272
26877,530
26878,978
26879,272
26880,530
26881,978
26882,272
26883,530
26884,978
26885,272
26886,530
26887,978
26888,272
26889,530
26890,978
26891,272
26892,509
26893,905
26894,233
26895,509
26896,905
26897,233
26898,509
26899,905
26900,233
26901,509
26902,905
26903,233
26904,509
26905,905
26906,233
26907,509
26908,905
26909,233
26910,361
26911,785
26912,171
26913,361
26914,785
26915,171
26916,361
26917,785
26918,171
26919,361
26920,785
26921,171
26922,361
26923,785
26924,171
26925,361
26926,785
26927,171
26928,448
26929,887
26930,185
26931,448
26932,887
26933,185
26934,448
26935,887
26936,185
26937,448
26938,887
26939,185
26940,448
26941,887
26942,185
26943,448
26944,887
26945,185
26946,388
26947,833
26948,194
26949,388
26950,833
26951,194
26952,388
26953,833
26954,194
26955,388
26956,833
26957,194
26958,388
26959,833
26960,194
26961,388
26962,833
26963,194
26964,395
26965,804
26966,219
26967,395
26968,804
26969,219
26970,395
26971,804
26972,219
26973,395
26974,804
26975,219
26976,395
26977,804
26978,219
26979,395
26980,804
26981,219
26982,507
26983,938
26984,203
26985,507
26986,938
26987,203
26988,507
26989,938
26990,203
26991,507
26992,938
26993,203
26994,507
26995,938
26996,203
26997,507
26998,938
26999,203
27000,552
27001,1198
27002,198
27003,552
27004,1198
27005,198
27006,552
27007,1198
27008,198
27009,552
27010,1198
27011,198
27012,552
27013,1198
27014,198
27015,552
27016,1198
27017,198
27018,499
27019,1069
27020,263
27021,499
27022,1069
27023,263
27024,499
27025,1069
27026,263
27027,499
27028,1069
27029,263
27030,499
27031,1069
27032,263
27033,499
27034,1069
27035,263
27036,425
27037,805
27038,207
27039,425
27040,805
27041,207
27042,425
27043,805
27044,207
27045,425
27046,805
27047,207
27048,425
27049,805
27050,207
27051,425
27052,805
27053,207
27054,439
27055,896
27056,231
27057,439
27058,896
27059,231
27060,439
27061,896
27062,231
27063,439
27064,896
27065,231
27066,439
27067,896
27068,231
27069,439
27070,896
27071,231
27072,457
27073,968
27074,235
27075,457
27076,968
27077,235
27078,457
27079,968
27080,235
27081,457
27082,968
27083,235
27084,457
27085,968
27086,235
27087,457
27088,968
27089,235
27090,408
27091,890
27092,178
27093,408
27094,890
27095,178
27096,408
27097,890
27098,178
27099,408
27100,890
27101,178
27102,408
27103,890
27104,178
27105,408
27106,890
27107,178
27108,443
27109,762
27110,193
27111,443
27112,762
27113,193
27114,443
27115,762
27116,193
27117,443
27118,762
27119,193
27120,443
27121,762
27122,193
27123,443
27124,762
27125,193
27126,542
27127,1079
27128,277
27129,542
27130,1079
27131,277
27132,542
27133,1079
27134,277
27135,542
27136,1079
27137,277
27138,542
27139,1079
27140,277
27141,542
27142,1079
27143,277
27144,530
27145,1150
27146,249
27147,530
27148,1150
27149,249
27150,530
27151,1150
27152,249
27153,530
27154,1150
27155,249
27156,530
27157,1150
27158,249
27159,530
27160,1150
27161,249
27162,484
27163,974
27164,226
27165,484
27166,974
27167,226
27168,484
27169,974
27170,226
27171,484
27172,974
27173,226
27174,484
27175,974
27176,226
27177,484
27178,974
27179,226
27180,434
27181,936
27182,187
27183,434
27184,936
27185,187
27186,434
27187,936
27188,187
27189,434
27190,936
27191,187
27192,434
27193,936
27194,187
27195,434
27196,936
27197,187
27198,568
27199,1140
27200,229
27201,568
27202,1140
27203,229
27204,568
27205,1140
27206,229
27207,568
27208,1140
27209,229
27210,568
27211,1140
27212,229
27213,568
27214,1140
27215,229
27216,464
27217,997
27218,210
27219,464
27220,997
27221,210
27222,464
27223,997
27224,210
27225,464
27226,997
27227,210
27228,464
27229,997
27230,210
27231,464
27232,997
27233,210
27234,484
27235,958
27236,243
27237,484
27238,958
27239,243
27240,484
27241,958
27242,243
27243,484
27244,958
27245,243
27246,484
27247,958
27248,243
27249,484
27250,958
27251,243
27252,673
27253,1291
27254,238
27255,673
27256,1291
27257,238
27258,673
27259,1291
27260,238
27261,673
27262,1291
27263,238
27264,673
27265,1291
27266,238
27267,673
27268,1291
27269,238
27270,548
27271,1222
27272,239
27273,548
27274,1222
27275,239
27276,548
27277,1222
27278,239
27279,548
27280,1222
27281,239
27282,548
27283,1222
27284,239
27285,548
27286,1222
27287,239
27288,494
27289,927
27290,230
27291,494
27292,927
27293,230
27294,494
27295,927
27296,230
27297,494
27298,927
27299,230
27300,494
27301,927
27302,230
27303,494
27304,927
27305,230
27306,418
27307,866
27308,188
27309,418
27310,866
27311,188
27312,418
27313,866
27314,188
27315,418
27316,866
27317,188
27318,418
27319,866
27320,188
27321,418
27322,866
27323,188
27324,436
27325,745
27326,201
27327,436
27328,745
27329,201
27330,436
27331,745
27332,201
27333,436
27334,745
27335,201
27336,436
27337,745
27338,201
27339,436
27340,745
27341,201
27342,453
27343,866
27344,236
27345,453
27346,866
27347,236
27348,453
27349,866
27350,236
27351,453
27352,866
27353,236
27354,453
27355,866
27356,236
27357,453
27358,866
27359,236
27360,460
27361,858
27362,213
27363,460
27364,858
27365,213
27366,460
27367,858
27368,213
27369,460
27370,858
27371,213
27372,460
27373,858
27374,213
27375,460
27376,858
27377,213
27378,525
27379,1055
27380,257
27381,525
27382,1055
27383,257
27384,525
27385,1055
27386,257
27387,525
27388,1055
27389,257
27390,525
27391,1055
27392,257
27393,525
27394,1055
27395,257
27396,600
27397,1164
27398,267
27399,600
27400,1164
27401,267
27402,600
27403,1164
27404,267
27405,600
27406,1164
27407,267
27408,600
27409,1164
27410,267
27411,600
27412,1164
27413,267
27414,486
27415,815
27416,219
27417,486
27418,815
27419,219
27420,486
27421,815
27422,219
27423,486
27424,815
27425,219
27426,486
27427,815
27428,219
27429,486
27430,815
27431,219
27432,477
27433,974
27434,200
27435,477
27436,974
27437,200
27438,477
27439,974
27440,200
27441,477
27442,974
27443,200
27444,477
27445,974
27446,200
27447,477
27448,974
27449,200
27450,394
27451,815
27452,192
27453,394
27454,815
27455,192
27456,394
27457,815
27458,192
27459,394
27460,815
27461,192
27462,394
27463,815
27464,192
27465,394
27466,815
27467,192
27468,415
27469,899
27470,207
27471,415
27472,899
27473,207
27474,415
27475,899
27476,207
27477,415
27478,899
27479,207
27480,415
27481,899
27482,207
27483,415
27484,899
27485,207
27486,544
27487,966
27488,213
27489,544
27490,966
27491,213
27492,544
27493,966
27494,213
27495,544
27496,966
27497,213
27498,544
27499,966
27500,213
27501,544
27502,966
27503,213
27504,552
27505,1181
27506,214
27507,552
27508,1181
27509,214
27510,552
27511,1181
27512,214
27513,552
27514,1181
27515,214
27516,552
27517,1181
27518,214
27519,552
27520,1181
27521,214
27522,591
27523,1254
27524,239
27525,591
27526,1254
27527,239
27528,591
27529,1254
27530,239
27531,591
27532,1254
27533,239
27534,591
27535,1254
27536,239
27537,591
27538,1254
27539,239
27540,440
27541,943
27542,197
27543,440
27544,943
27545,197
27546,440
27547,943
27548,197
27549,440
27550,943
27551,197
27552,440
27553,943
27554,197
27555,440
27556,943
27557,197
27558,412
27559,777
27560,199
27561,412
27562,777
27563,199
27564,412
27565,777
27566,199
27567,412
27568,777
27569,199
27570,412
27571,777
27572,199
27573,412
27574,777
27575,199
27576,384
27577,924
27578,179
27579,384
27580,924
27581,179
27582,384
27583,924
27584,179
27585,384
27586,924
27587,179
27588,384
27589,924
27590,179
27591,384
27592,924
27593,179
27594,412
27595,896
27596,176
27597,412
27598,896
27599,176
27600,412
27601,896
27602,176
27603,412
27604,896
27605,176
27606,412
27607,896
27608,176
27609,412
27610,896
27611,176
27612,413
27613,917
27614,211
27615,413
27616,917
27617,211
27618,413
27619,917
27620,211
27621,413
27622,917
27623,211
27624,413
27625,917
27626,211
27627,413
27628,917
27629,211
27630,541
27631,1135
27632,277
27633,541
27634,1135
27635,277
27636,541
27637,1135
27638,277
27639,541
27640,1135
27641,277
27642,541
27643,1135
27644,277
27645,541
27646,1135
27647,277
27648,498
27649,1049
27650,230
27651,498
27652,1049
27653,230
27654,498
27655,1049
27656,230
27657,498
27658,1049
27659,230
27660,498
27661,1049
27662,230
27663,498
27664,1049
27665,230
27666,469
27667,955
27668,253
27669,469
27670,955
27671,253
27672,469
27673,955
27674,253
27675,469
27676,955
27677,253
27678,469
27679,955
27680,253
27681,469
27682,955
27683,253
27684,434
27685,740
27686,191
27687,434
27688,740
27689,191
27690,434
27691,740
27692,191
27693,434
27694,740
27695,191
27696,434
27697,740
27698,191
27699,434
27700,740
27701,191
27702,419
27703,872
27704,186
27705,419
27706,872
27707,186
27708,419
27709,872
27710,186
27711,419
27712,872
27713,186
27714,419
27715,872
27716,186
27717,419
27718,872
27719,186
27720,418
27721,840
27722,186
27723,418
27724,840
27725,186
27726,418
27727,840
27728,186
27729,418
27730,840
27731,186
27732,418
27733,840
27734,186
27735,418
27736,840
27737,186
27738,555
27739,1013
27740,247
27741,555
27742,1013
27743,247
27744,555
27745,1013
27746,247
27747,555
27748,1013
27749,247
27750,555
27751,1013
27752,247
27753,555
27754,1013
27755,247
27756,505
27757,1125
27758,276
27759,505
27760,1125
27761,276
27762,505
27763,1125
27764,276
27765,505
27766,1125
27767,276
27768,505
27769,1125
27770,276
27771,505
27772,1125
27773,276
27774,514
27775,1110
27776,245
27777,514
27778,1110
27779,245
27780,514
27781,1110
27782,245
27783,514
27784,1110
27785,245
27786,514
27787,1110
27788,245
27789,514
27790,1110
27791,245
27792,370
27793,787
27794,143
27795,370
27796,787
27797,143
27798,370
27799,787
27800,143
27801,370
27802,787
27803,143
27804,370
27805,787
27806,143
27807,370
27808,787
27809,143
27810,385
27811,852
27812,170
27813,385
27814,852
27815,170
27816,385
27817,852
27818,170
27819,385
27820,852
27821,170
27822,385
27823,852
27824,170
27825,385
27826,852
27827,170
27828,410
27829,936
27830,232
27831,410
27832,936
27833,232
27834,410
27835,936
27836,232
27837,410
27838,936
27839,232
27840,410
27841,936
27842,232
27843,410
27844,936
27845,232
27846,356
27847,771
27848,197
27849,356
27850,771
27851,197
27852,356
27853,771
27854,197
27855,356
27856,771
27857,197
27858,356
27859,771
27860,197
27861,356
27862,771
27863,197
27864,554
27865,1047
27866,212
27867,554
27868,1047
27869,212
27870,554
27871,1047
27872,212
27873,554
27874,1047
27875,212
27876,554
27877,1047
27878,212
27879,554
27880,1047
27881,212
27882,569
27883,1236
27884,227
27885,569
27886,1236
27887,227
27888,569
27889,1236
27890,227
27891,569
27892,1236
27893,227
27894,569
27895,1236
27896,227
27897,569
27898,1236
27899,227
27900,589
27901,1159
27902,234
27903,589
27904,1159
27905,234
27906,589
27907,1159
27908,234
27909,589
27910,1159
27911,234
27912,589
27913,1159
27914,234
27915,589
27916,1159
27917,234
27918,327
27919,843
27920,112
27921,327
27922,843
27923,112
27924,327
27925,843
27926,112
27927,327
27928,843
27929,112
27930,327
27931,843
27932,112
27933,327
27934,843
27935,112
27936,504
27937,1001
27938,178
27939,504
27940,1001
27941,178
27942,504
27943,1001
27944,178
27945,504
27946,1001
27947,178
27948,504
27949,1001
27950,178
27951,504
27952,1001
27953,178
27954,434
27955,1022
27956,220
27957,434
27958,1022
27959,220
27960,434
27961,1022
27962,220
27963,434
27964,1022
27965,220
27966,434
27967,1022
27968,220
27969,434
27970,1022
27971,220
27972,403
27973,893
27974,184
27975,403
27976,893
27977,184
27978,403
27979,893
27980,184
27981,403
27982,893
27983,184
27984,403
27985,893
27986,184
27987,403
27988,893
27989,184
27990,470
27991,817
27992,233
27993,470
27994,817
27995,233
27996,470
27997,817
27998,233
27999,470
28000,817
28001,233
28002,470
28003,817
28004,233
28005,470
28006,817
28007,233
28008,605
28009,1226
28010,307
28011,605
28012,1226
28013,307
28014,605
28015,1226
28016,307
28017,605
28018,1226
28019,307
28020,605
28021,1226
28022,307
28023,605
28024,1226
28025,307
28026,647
28027,1306
28028,321
28029,647
28030,1306
28031,321
28032,647
28033,1306
28034,321
28035,647
28036,1306
28037,321
28038,647
28039,1306
28040,321
28041,647
28042,1306
28043,321
28044,594
28045,1181
28046,259
28047,594
28048,1181
28049,259
28050,594
28051,1181
28052,259
28053,594
28054,1181
28055,259
28056,594
28057,1181
28058,259
28059,594
28060,1181
28061,259
28062,462
28063,903
28064,206
28065,462
28066,903
28067,206
28068,462
28069,903
28070,206
28071,462
28072,903
28073,206
28074,462
28075,903
28076,206
28077,462
28078,903
28079,206
28080,404
28081,872
28082,172
28083,404
28084,872
28085,172
28086,404
28087,872
28088,172
28089,404
28090,872
28091,172
28092,404
28093,872
28094,172
28095,404
28096,872
28097,172
28098,422
28099,1017
28100,201
28101,422
28102,1017
28103,201
28104,422
28105,1017
28106,201
28107,422
28108,1017
28109,201
28110,422
28111,1017
28112,201
28113,422
28114,1017
28115,201
28116,480
28117,929
28118,217
28119,480
28120,929
28121,217
28122,480
28123,929
28124,217
28125,480
28126,929
28127,217
28128,480
28129,929
28130,217
28131,480
28132,929
28133,217
28134,471
28135,1007
28136,247
28137,471
28138,1007
28139,247
28140,471
28141,1007
28142,247
28143,471
28144,1007
28145,247
28146,471
28147,1007
28148,247
28149,471
28150,1007
28151,247
28152,476
28153,1039
28154,237
28155,476
28156,1039
28157,237
28158,476
28159,1039
28160,237
28161,476
28162,1039
28163,237
28164,476
28165,1039
28166,237
28167,476
28168,1039
28169,237
28170,478
28171,919
28172,249
28173,478
28174,919
28175,249
28176,478
28177,919
28178,249
28179,478
28180,919
28181,249
28182,478
28183,919
28184,249
28185,478
28186,919
28187,249
28188,459
28189,959
28190,187
28191,459
28192,959
28193,187
28194,459
28195,959
28196,187
28197,459
28198,959
28199,187
28200,459
28201,959
28202,187
28203,459
28204,959
28205,187
28206,478
28207,1020
28208,233
28209,478
28210,1020
28211,233
28212,478
28213,1020
28214,233
28215,478
28216,1020
28217,233
28218,478
28219,1020
28220,233
28221,478
28222,1020
28223,233
28224,448
28225,957
28226,199
28227,448
28228,957
28229,199
28230,448
28231,957
28232,199
28233,448
28234,957
28235,199
28236,448
28237,957
28238,199
28239,448
28240,957
28241,199
28242,537
28243,974
28244,271
28245,537
28246,974
28247,271
28248,537
28249,974
28250,271
28251,537
28252,974
28253,271
28254,537
28255,974
28256,271
28257,537
28258,974
28259,271
28260,536
28261,1099
28262,269
28263,536
28264,1099
28265,269
28266,536
28267,1099
28268,269
28269,536
28270,1099
28271,269
28272,536
28273,1099
28274,269
28275,536
28276,1099
28277,269
28278,542
28279,1033
28280,282
28281,542
28282,1033
28283,282
28284,542
28285,1033
28286,282
28287,542
28288,1033
28289,282
28290,542
28291,1033
28292,282
28293,542
28294,1033
28295,282
28296,448
28297,818
28298,246
28299,448
28300,818
28301,246
28302,448
28303,818
28304,246
28305,448
28306,818
28307,246
28308,448
28309,818
28310,246
28311,448
28312,818
28313,246
28314,399
28315,869
28316,180
28317,399
28318,869
28319,180
28320,399
28321,869
28322,180
28323,399
28324,869
28325,180
28326,399
28327,869
28328,180
28329,399
28330,869
28331,180
28332,406
28333,782
28334,184
28335,406
28336,782
28337,184
28338,406
28339,782
28340,184
28341,406
28342,782
28343,184
28344,406
28345,782
28346,184
28347,406
28348,782
28349,184
28350,401
28351,753
28352,232
28353,401
28354,753
28355,232
28356,401
28357,753
28358,232
28359,401
28360,753
28361,232
28362,401
28363,753
28364,232
28365,401
28366,753
28367,232
28368,435
28369,831
28370,235
28371,435
28372,831
28373,235
28374,435
28375,831
28376,235
28377,435
28378,831
28379,235
28380,435
28381,831
28382,235
28383,435
28384,831
28385,235
28386,495
28387,888
28388,256
28389,495
28390,888
28391,256
28392,495
28393,888
28394,256
28395,495
28396,888
28397,256
28398,495
28399,888
28400,256
28401,495
28402,888
28403,256
28404,472
28405,995
28406,204
28407,472
28408,995
28409,204
28410,472
28411,995
28412,204
28413,472
28414,995
28415,204
28416,472
28417,995
28418,204
28419,472
28420,995
28421,204
28422,394
28423,751
28424,220
28425,394
28426,751
28427,220
28428,394
28429,751
28430,220
28431,394
28432,751
28433,220
28434,394
28435,751
28436,220
28437,394
28438,751
28439,220
28440,438
28441,840
28442,216
28443,438
28444,840
28445,216
28446,438
28447,840
28448,216
28449,438
28450,840
28451,216
28452,438
28453,840
28454,216
28455,438
28456,840
28457,216
28458,389
28459,710
28460,220
28461,389
28462,710
28463,220
28464,389
28465,710
28466,220
28467,389
28468,710
28469,220
28470,389
28471,710
28472,220
28473,389
28474,710
28475,220
28476,416
28477,776
28478,208
28479,416
28480,776
28481,208
28482,416
28483,776
28484,208
28485,416
28486,776
28487,208
28488,416
28489,776
28490,208
28491,416
28492,776
28493,208
28494,386
28495,832
28496,184
28497,386
28498,832
28499,184
28500,386
28501,832
28502,184
28503,386
28504,832
28505,184
28506,386
28507,832
28508,184
28509,386
28510,832
28511,184
28512,579
28513,1028
28514,277
28515,579
28516,1028
28517,277
28518,579
28519,1028
28520,277
28521,579
28522,1028
28523,277
28524,579
28525,1028
28526,277
28527,579
28528,1028
28529,277
28530,523
28531,1081
28532,238
28533,523
28534,1081
28535,238
28536,523
28537,1081
28538,238
28539,523
28540,1081
28541,238
28542,523
28543,1081
28544,238
28545,523
28546,1081
28547,238
28548,370
28549,969
28550,205
28551,370
28552,969
28553,205
28554,370
28555,969
28556,205
28557,370
28558,969
28559,205
28560,370
28561,969
28562,205
28563,370
28564,969
28565,205
28566,339
28567,799
28568,182
28569,339
28570,799
28571,182
28572,339
28573,799
28574,182
28575,339
28576,799
28577,182
28578,339
28579,799
28580,182
28581,339
28582,799
28583,182
28584,399
28585,1041
28586,157
28587,399
28588,1041
28589,157
28590,399
28591,1041
28592,157
28593,399
28594,1041
28595,157
28596,399
28597,1041
28598,157
28599,399
28600,1041
28601,157
28602,349
28603,951
28604,159
28605,349
28606,951
28607,159
28608,349
28609,951
28610,159
28611,349
28612,951
28613,159
28614,349
28615,951
28616,159
28617,349
28618,951
28619,159
28620,425
28621,1043
28622,213
28623,425
28624,1043
28625,213
28626,425
28627,1043
28628,213
28629,425
28630,1043
28631,213
28632,425
28633,1043
28634,213
28635,425
28636,1043
28637,213
28638,476
28639,1095
28640,195
28641,476
28642,1095
28643,195
28644,476
28645,1095
28646,195
28647,476
28648,1095
28649,195
28650,476
28651,1095
28652,195
28653,476
28654,1095
28655,195
28656,430
28657,1012
28658,220
28659,430
28660,1012
28661,220
28662,430
28663,1012
28664,220
28665,430
28666,1012
28667,220
28668,430
28669,1012
28670,220
28671,430
28672,1012
28673,220
28674,389
28675,788
28676,199
28677,389
28678,788
28679,199
28680,389
28681,788
28682,199
28683,389
28684,788
28685,199
28686,389
28687,788
28688,199
28689,389
28690,788
28691,199
28692,424
28693,957
28694,233
28695,424
28696,957
28697,233
28698,424
28699,957
28700,233
28701,424
28702,957
28703,233
28704,424
28705,957
28706,233
28707,424
28708,957
28709,233
28710,372
28711,704
28712,195
28713,372
28714,704
28715,195
28716,372
28717,704
28718,195
28719,372
28720,704
28721,195
28722,372
28723,704
28724,195
28725,372
28726,704
28727,195
28728,360
28729,823
28730,179
28731,360
28732,823
28733,179
28734,360
28735,823
28736,179
28737,360
28738,823
28739,179
28740,360
28741,823
28742,179
28743,360
28744,823
28745,179
28746,374
28747,834
28748,184
28749,374
28750,834
28751,184
28752,374
28753,834
28754,184
28755,374
28756,834
28757,184
28758,374
28759,834
28760,184
28761,374
28762,834
28763,184
28764,476
28765,1060
28766,239
28767,476
28768,1060
28769,239
28770,476
28771,1060
28772,239
28773,476
28774,1060
28775,239
28776,476
28777,1060
28778,239
28779,476
28780,1060
28781,239
28782,460
28783,949
28784,223
28785,460
28786,949
28787,223
28788,460
28789,949
28790,223
28791,460
28792,949
28793,223
28794,460
28795,949
28796,223
28797,460
28798,949
28799,223
28800,333
28801,839
28802,166
28803,333
28804,839
28805,166
28806,333
28807,839
28808,166
28809,333
28810,839
28811,166
28812,333
28813,839
28814,166
28815,333
28816,839
28817,166
28818,413
28819,880
28820,282
28821,413
28822,880
28823,282
28824,413
28825,880
28826,282
28827,413
28828,880
28829,282
28830,413
28831,880
28832,282
28833,413
28834,880
28835,282
28836,381
28837,845
28838,178
28839,381
28840,845
28841,178
28842,381
28843,845
28844,178
28845,381
28846,845
28847,178
28848,381
28849,845
28850,178
28851,381
28852,845
28853,178
28854,378
28855,913
28856,192
28857,378
28858,913
28859,192
28860,378
28861,913
28862,192
28863,378
28864,913
28865,192
28866,378
28867,913
28868,192
28869,378
28870,913
28871,192
28872,369
28873,737
28874,190
28875,369
28876,737
28877,190
28878,369
28879,737
28880,190
28881,369
28882,737
28883,190
28884,369
28885,737
28886,190
28887,369
28888,737
28889,190
28890,553
28891,1180
28892,237
28893,553
28894,1180
28895,237
28896,553
28897,1180
28898,237
28899,553
28900,1180
28901,237
28902,553
28903,1180
28904,237
28905,553
28906,1180
28907,237
28908,456
28909,922
28910,259
28911,456
28912,922
28913,259
28914,456
28915,922
28916,259
28917,456
28918,922
28919,259
28920,456
28921,922
28922,259
28923,456
28924,922
28925,259
28926,401
28927,867
28928,213
28929,401
28930,867
28931,213
28932,401
28933,867
28934,213
28935,401
28936,867
28937,213
28938,401
28939,867
28940,213
28941,401
28942,867
28943,213
28944,367
28945,804
28946,217
28947,367
28948,804
28949,217
28950,367
28951,804
28952,217
28953,367
28954,804
28955,217
28956,367
28957,804
28958,217
28959,367
28960,804
28961,217
28962,467
28963,975
28964,257
28965,467
28966,975
28967,257
28968,467
28969,975
28970,257
28971,467
28972,975
28973,257
28974,467
28975,975
28976,257
28977,467
28978,975
28979,257
28980,350
28981,777
28982,161
28983,350
28984,777
28985,161
28986,350
28987,777
28988,161
28989,350
28990,777
28991,161
28992,350
28993,777
28994,161
28995,350
28996,777
28997,161
28998,325
28999,705
29000,148
29001,325
29002,705
29003,148
29004,325
29005,705
29006,148
29007,325
29008,705
29009,148
29010,325
29011,705
29012,148
29013,325
29014,705
29015,148
29016,487
29017,1018
29018,233
29019,487
29020,1018
29021,233
29022,487
29023,1018
29024,233
29025,487
29026,1018
29027,233
29028,487
29029,1018
29030,233
29031,487
29032,1018
29033,233
29034,452
29035,898
29036,209
29037,452
29038,898
29039,209
29040,452
29041,898
29042,209
29043,452
29044,898
29045,209
29046,452
29047,898
29048,209
29049,452
29050,898
29051,209
29052,367
29053,857
29054,171
29055,367
29056,857
29057,171
29058,367
29059,857
29060,171
29061,367
29062,857
29063,171
29064,367
29065,857
29066,171
29067,367
29068,857
29069,171
29070,368
29071,778
29072,202
29073,368
29074,778
29075,202
29076,368
29077,778
29078,202
29079,368
29080,778
29081,202
29082,368
29083,778
29084,202
29085,368
29086,778
29087,202
29088,396
29089,849
29090,192
29091,396
29092,849
29093,192
29094,396
29095,849
29096,192
29097,396
29098,849
29099,192
29100,396
29101,849
29102,192
29103,396
29104,849
29105,192
29106,354
29107,811
29108,196
29109,354
29110,811
29111,196
29112,354
29113,811
29114,196
29115,354
29116,811
29117,196
29118,354
29119,811
29120,196
29121,354
29122,811
29123,196
29124,385
29125,796
29126,194
29127,385
29128,796
29129,194
29130,385
29131,796
29132,194
29133,385
29134,796
29135,194
29136,385
29137,796
29138,194
29139,385
29140,796
29141,194
29142,505
29143,1133
29144,268
29145,505
29146,1133
29147,268
29148,505
29149,1133
29150,268
29151,505
29152,1133
29153,268
29154,505
29155,1133
29156,268
29157,505
29158,1133
29159,268
29160,491
29161,915
29162,296
29163,491
29164,915
29165,296
29166,491
29167,915
29168,296
29169,491
29170,915
29171,296
29172,491
29173,915
29174,296
29175,491
29176,915
29177,296
29178,354
29179,736
29180,190
29181,354
29182,736
29183,190
29184,354
29185,736
29186,190
29187,354
29188,736
29189,190
29190,354
29191,736
29192,190
29193,354
29194,736
29195,190
29196,450
29197,1025
29198,173
29199,450
29200,1025
29201,173
29202,450
29203,1025
29204,173
29205,450
29206,1025
29207,173
29208,450
29209,1025
29210,173
29211,450
29212,1025
29213,173
29214,402
29215,786
29216,186
29217,402
29218,786
29219,186
29220,402
29221,786
29222,186
29223,402
29224,786
29225,186
29226,402
29227,786
29228,186
29229,402
29230,786
29231,186
29232,290
29233,693
29234,164
29235,290
29236,693
29237,164
29238,290
29239,693
29240,164
29241,290
29242,693
29243,164
29244,290
29245,693
29246,164
29247,290
29248,693
29249,164
29250,454
29251,856
29252,246
29253,454
29254,856
29255,246
29256,454
29257,856
29258,246
29259,454
29260,856
29261,246
29262,454
29263,856
29264,246
29265,454
29266,856
29267,246
29268,411
29269,954
29270,196
29271,411
29272,954
29273,196
29274,411
29275,954
29276,196
29277,411
29278,954
29279,196
29280,411
29281,954
29282,196
29283,411
29284,954
29285,196
29286,457
29287,952
29288,236
29289,457
29290,952
29291,236
29292,457
29293,952
29294,236
29295,457
29296,952
29297,236
29298,457
29299,952
29300,236
29301,457
29302,952
29303,236
29304,349
29305,657
29306,179
29307,349
29308,657
29309,179
29310,349
29311,657
29312,179
29313,349
29314,657
29315,179
29316,349
29317,657
29318,179
29319,349
29320,657
29321,179
29322,276
29323,652
29324,147
29325,276
29326,652
29327,147
29328,276
29329,652
29330,147
29331,276
29332,652
29333,147
29334,276
29335,652
29336,147
29337,276
29338,652
29339,147
29340,311
29341,902
29342,156
29343,311
29344,902
29345,156
29346,311
29347,902
29348,156
29349,311
29350,902
29351,156
29352,311
29353,902
29354,156
29355,311
29356,902
29357,156
29358,309
29359,682
29360,170
29361,309
29362,682
29363,170
29364,309
29365,682
29366,170
29367,309
29368,682
29369,170
29370,309
29371,682
29372,170
29373,309
29374,682
29375,170
29376,395
29377,852
29378,196
29379,395
29380,852
29381,196
29382,395
29383,852
29384,196
29385,395
29386,852
29387,196
29388,395
29389,852
29390,196
29391,395
29392,852
29393,196
29394,524
29395,1186
29396,236
29397,524
29398,1186
29399,236
29400,524
29401,1186
29402,236
29403,524
29404,1186
29405,236
29406,524
29407,1186
29408,236
29409,524
29410,1186
29411,236
29412,418
29413,1086
29414,196
29415,418
29416,1086
29417,196
29418,418
29419,1086
29420,196
29421,418
29422,1086
29423,196
29424,418
29425,1086
29426,196
29427,418
29428,1086
29429,196
29430,520
29431,1102
29432,263
29433,520
29434,1102
29435,263
29436,520
29437,1102
29438,263
29439,520
29440,1102
29441,263
29442,520
29443,1102
29444,263
29445,520
29446,1102
29447,263
29448,420
29449,792
29450,193
29451,420
29452,792
29453,193
29454,420
29455,792
29456,193
29457,420
29458,792
29459,193
29460,420
29461,792
29462,193
29463,420
29464,792
29465,193
29466,518
29467,1082
29468,227
29469,518
29470,1082
29471,227
29472,518
29473,1082
29474,227
29475,518
29476,1082
29477,227
29478,518
29479,1082
29480,227
29481,518
29482,1082
29483,227
29484,406
29485,814
29486,196
29487,406
29488,814
29489,196
29490,406
29491,814
29492,196
29493,406
29494,814
29495,196
29496,406
29497,814
29498,196
29499,406
29500,814
29501,196
29502,450
29503,924
29504,241
29505,450
29506,924
29507,241
29508,450
29509,924
29510,241
29511,450
29512,924
29513,241
29514,450
29515,924
29516,241
29517,450
29518,924
29519,241
29520,501
29521,1088
29522,260
29523,501
29524,1088
29525,260
29526,501
29527,1088
29528,260
29529,501
29530,1088
29531,260
29532,501
29533,1088
29534,260
29535,501
29536,1088
29537,260
29538,603
29539,1224
29540,242
29541,603
29542,1224
29543,242
29544,603
29545,1224
29546,242
29547,603
29548,1224
29549,242
29550,603
29551,1224
29552,242
29553,603
29554,1224
29555,242
29556,411
29557,759
29558,176
29559,411
29560,759
29561,176
29562,411
29563,759
29564,176
29565,411
29566,759
29567,176
29568,411
29569,759
29570,176
29571,411
29572,759
29573,176
29574,324
29575,716
29576,185
29577,324
29578,716
29579,185
29580,324
29581,716
29582,185
29583,324
29584,716
29585,185
29586,324
29587,716
29588,185
29589,324
29590,716
29591,185
29592,417
29593,867
29594,160
29595,417
29596,867
29597,160
29598,417
29599,867
29600,160
29601,417
29602,867
29603,160
29604,417
29605,867
29606,160
29607,417
29608,867
29609,160
29610,303
29611,776
29612,111
29613,303
29614,776
29615,111
29616,303
29617,776
29618,111
29619,303
29620,776
29621,111
29622,303
29623,776
29624,111
29625,303
29626,776
29627,111
29628,401
29629,914
29630,116
29631,401
29632,914
29633,116
29634,401
29635,914
29636,116
29637,401
29638,914
29639,116
29640,401
29641,914
29642,116
29643,401
29644,914
29645,116
29646,455
29647,949
29648,261
29649,455
29650,949
29651,261
29652,455
29653,949
29654,261
29655,455
29656,949
29657,261
29658,455
29659,949
29660,261
29661,455
29662,949
29663,261
29664,607
29665,1230
29666,227
29667,607
29668,1230
29669,227
29670,607
29671,1230
29672,227
29673,607
29674,1230
29675,227
29676,607
29677,1230
29678,227
29679,607
29680,1230
29681,227
29682,424
29683,885
29684,208
29685,424
29686,885
29687,208
29688,424
29689,885
29690,208
29691,424
29692,885
29693,208
29694,424
29695,885
29696,208
29697,424
29698,885
29699,208
29700,410
29701,725
29702,219
29703,410
29704,725
29705,219
29706,410
29707,725
29708,219
29709,410
29710,725
29711,219
29712,410
29713,725
29714,219
29715,410
29716,725
29717,219
29718,411
29719,813
29720,198
29721,411
29722,813
29723,198
29724,411
29725,813
29726,198
29727,411
29728,813
29729,198
29730,411
29731,813
29732,198
29733,411
29734,813
29735,198
29736,445
29737,916
29738,215
29739,445
29740,916
29741,215
29742,445
29743,916
29744,215
29745,445
29746,916
29747,215
29748,445
29749,916
29750,215
29751,445
29752,916
29753,215
29754,375
29755,750
29756,204
29757,375
29758,750
29759,204
29760,375
29761,750
29762,204
29763,375
29764,750
29765,204
29766,375
29767,750
29768,204
29769,375
29770,750
29771,204
29772,518
29773,947
29774,223
29775,518
29776,947
29777,223
29778,518
29779,947
29780,223
29781,518
29782,947
29783,223
29784,518
29785,947
29786,223
29787,518
29788,947
29789,223
29790,391
29791,953
29792,185
29793,391
29794,953
29795,185
29796,391
29797,953
29798,185
29799,391
29800,953
29801,185
29802,391
29803,953
29804,185
29805,391
29806,953
29807,185
29808,376
29809,731
29810,171
29811,376
29812,731
29813,171
29814,376
29815,731
29816,171
29817,376
29818,731
29819,171
29820,376
29821,731
29822,171
29823,376
29824,731
29825,171
29826,335
29827,718
29828,130
29829,335
29830,718
29831,130
29832,335
29833,718
29834,130
29835,335
29836,718
29837,130
29838,335
29839,718
29840,130
29841,335
29842,718
29843,130
29844,380
29845,832
29846,227
29847,380
29848,832
29849,227
29850,380
29851,832
29852,227
29853,380
29854,832
29855,227
29856,380
29857,832
29858,227
29859,380
29860,832
29861,227
29862,348
29863,681
29864,181
29865,348
29866,681
29867,181
29868,348
29869,681
29870,181
29871,348
29872,681
29873,181
29874,348
29875,681
29876,181
29877,348
29878,681
29879,181
29880,356
29881,891
29882,184
29883,356
29884,891
29885,184
29886,356
29887,891
29888,184
29889,356
29890,891
29891,184
29892,356
29893,891
29894,184
29895,356
29896,891
29897,184
29898,433
29899,981
29900,211
29901,433
29902,981
29903,211
29904,433
29905,981
29906,211
29907,433
29908,981
29909,211
29910,433
29911,981
29912,211
29913,433
29914,981
29915,211
29916,533
29917,898
29918,318
29919,533
29920,898
29921,318
29922,533
29923,898
29924,318
29925,533
29926,898
29927,318
29928,533
29929,898
29930,318
29931,533
29932,898
29933,318
29934,381
29935,824
29936,221
29937,381
29938,824
29939,221
29940,381
29941,824
29942,221
29943,381
29944,824
29945,221
29946,381
29947,824
29948,221
29949,381
29950,824
29951,221
29952,414
29953,689
29954,236
29955,414
29956,689
29957,236
29958,414
29959,689
29960,236
29961,414
29962,689
29963,236
29964,414
29965,689
29966,236
29967,414
29968,689
29969,236
29970,330
29971,749
29972,195
29973,330
29974,749
29975,195
29976,330
29977,749
29978,195
29979,330
29980,749
29981,195
29982,330
29983,749
29984,195
29985,330
29986,749
29987,195
29988,283
29989,584
29990,150
29991,283
29992,584
29993,150
29994,283
29995,584
29996,150
29997,283
29998,584
29999,150
30000,283
30001,584
30002,150
30003,283
30004,584
30005,150
30006,339
30007,629
30008,190
30009,339
30010,629
30011,190
30012,339
30013,629
30014,190
30015,339
30016,629
30017,190
30018,339
30019,629
30020,190
30021,339
30022,629
30023,190
30024,511
30025,816
30026,308
30027,511
30028,816
30029,308
30030,511
30031,816
30032,308
30033,511
30034,816
30035,308
30036,511
30037,816
30038,308
30039,511
30040,816
30041,308
30042,444
30043,808
30044,248
30045,444
30046,808
30047,248
30048,444
30049,808
30050,248
30051,444
30052,808
30053,248
30054,444
30055,808
30056,248
30057,444
30058,808
30059,248
30060,370
30061,773
30062,215
30063,370
30064,773
30065,215
30066,370
30067,773
30068,215
30069,370
30070,773
30071,215
30072,370
30073,773
30074,215
30075,370
30076,773
30077,215
30078,347
30079,608
30080,195
30081,347
30082,608
30083,195
30084,347
30085,608
30086,195
30087,347
30088,608
30089,195
30090,347
30091,608
30092,195
30093,347
30094,608
30095,195
30096,345
30097,609
30098,198
30099,345
30100,609
30101,198
30102,345
30103,609
30104,198
30105,345
30106,609
30107,198
30108,345
30109,609
30110,198
30111,345
30112,609
30113,198
30114,333
30115,721
30116,221
30117,333
30118,721
30119,221
30120,333
30121,721
30122,221
30123,333
30124,721
30125,221
30126,333
30127,721
30128,221
30129,333
30130,721
30131,221
30132,450
30133,749
30134,322
30135,450
30136,749
30137,322
30138,450
30139,749
30140,322
30141,450
30142,749
30143,322
30144,450
30145,749
30146,322
30147,450
30148,749
30149,322
30150,458
30151,927
30152,262
30153,458
30154,927
30155,262
30156,458
30157,927
30158,262
30159,458
30160,927
30161,262
30162,458
30163,927
30164,262
30165,458
30166,927
30167,262
30168,517
30169,867
30170,275
30171,517
30172,867
30173,275
30174,517
30175,867
30176,275
30177,517
30178,867
30179,275
30180,517
30181,867
30182,275
30183,517
30184,867
30185,275
30186,410
30187,650
30188,259
30189,410
30190,650
30191,259
30192,410
30193,650
30194,259
30195,410
30196,650
30197,259
30198,410
30199,650
30200,259
30201,410
30202,650
30203,259
30204,384
30205,640
30206,237
30207,384
30208,640
30209,237
30210,384
30211,640
30212,237
30213,384
30214,640
30215,237
30216,384
30217,640
30218,237
30219,384
30220,640
30221,237
30222,517
30223,902
30224,267
30225,517
30226,902
30227,267
30228,517
30229,902
30230,267
30231,517
30232,902
30233,267
30234,517
30235,902
30236,267
30237,517
30238,902
30239,267
30240,486
30241,839
30242,289
30243,486
30244,839
30245,289
30246,486
30247,839
30248,289
30249,486
30250,839
30251,289
30252,486
30253,839
30254,289
30255,486
30256,839
30257,289
30258,442
30259,752
30260,268
30261,442
30262,752
30263,268
30264,442
30265,752
30266,268
30267,442
30268,752
30269,268
30270,442
30271,752
30272,268
30273,442
30274,752
30275,268
30276,457
30277,844
30278,277
30279,457
30280,844
30281,277
30282,457
30283,844
30284,277
30285,457
30286,844
30287,277
30288,457
30289,844
30290,277
30291,457
30292,844
30293,277
30294,664
30295,1009
30296,335
30297,664
30298,1009
30299,335
30300,664
30301,1009
30302,335
30303,664
30304,1009
30305,335
30306,664
30307,1009
30308,335
30309,664
30310,1009
30311,335
30312,382
30313,664
30314,188
30315,382
30316,664
30317,188
30318,382
30319,664
30320,188
30321,382
30322,664
30323,188
30324,382
30325,664
30326,188
30327,382
30328,664
30329,188
30330,363
30331,552
30332,215
30333,363
30334,552
30335,215
30336,363
30337,552
30338,215
30339,363
30340,552
30341,215
30342,363
30343,552
30344,215
30345,363
30346,552
30347,215
30348,396
30349,644
30350,269
30351,396
30352,644
30353,269
30354,396
30355,644
30356,269
30357,396
30358,644
30359,269
30360,396
30361,644
30362,269
30363,396
30364,644
30365,269
30366,336
30367,597
30368,204
30369,336
30370,597
30371,204
30372,336
30373,597
30374,204
30375,336
30376,597
30377,204
30378,336
30379,597
30380,204
30381,336
30382,597
30383,204
30384,377
30385,639
30386,223
30387,377
30388,639
30389,223
30390,377
30391,639
30392,223
30393,377
30394,639
30395,223
30396,377
30397,639
30398,223
30399,377
30400,639
30401,223
30402,454
30403,760
30404,239
30405,454
30406,760
30407,239
30408,454
30409,760
30410,239
30411,454
30412,760
30413,239
30414,454
30415,760
30416,239
30417,454
30418,760
30419,239
30420,443
30421,710
30422,236
30423,443
30424,710
30425,236
30426,443
30427,710
30428,236
30429,443
30430,710
30431,236
30432,443
30433,710
30434,236
30435,443
30436,710
30437,236
30438,403
30439,630
30440,250
30441,403
30442,630
30443,250
30444,403
30445,630
30446,250
30447,403
30448,630
30449,250
30450,403
30451,630
30452,250
30453,403
30454,630
30455,250
30456,395
30457,631
30458,209
30459,395
30460,631
30461,209
30462,395
30463,631
30464,209
30465,395
30466,631
30467,209
30468,395
30469,631
30470,209
30471,395
30472,631
30473,209
30474,413
30475,609
30476,243
30477,413
30478,609
30479,243
30480,413
30481,609
30482,243
30483,413
30484,609
30485,243
30486,413
30487,609
30488,243
30489,413
30490,609
30491,243
30492,403
30493,653
30494,211
30495,403
30496,653
30497,211
30498,403
30499,653
30500,211
30501,403
30502,653
30503,211
30504,403
30505,653
30506,211
30507,403
30508,653
30509,211
30510,473
30511,683
30512,229
30513,473
30514,683
30515,229
30516,473
30517,683
30518,229
30519,473
30520,683
30521,229
30522,473
30523,683
30524,229
30525,473
30526,683
30527,229
30528,466
30529,715
30530,262
30531,466
30532,715
30533,262
30534,466
30535,715
30536,262
30537,466
30538,715
30539,262
30540,466
30541,715
30542,262
30543,466
30544,715
30545,262
30546,463
30547,692
30548,290
30549,463
30550,692
30551,290
30552,463
30553,692
30554,290
30555,463
30556,692
30557,290
30558,463
30559,692
30560,290
30561,463
30562,692
30563,290
30564,370
30565,558
30566,226
30567,370
30568,558
30569,226
30570,370
30571,558
30572,226
30573,370
30574,558
30575,226
30576,370
30577,558
30578,226
30579,370
30580,558
30581,226
30582,391
30583,582
30584,245
30585,391
30586,582
30587,245
30588,391
30589,582
30590,245
30591,391
30592,582
30593,245
30594,391
30595,582
30596,245
30597,391
30598,582
30599,245
30600,437
30601,706
30602,245
30603,437
30604,706
30605,245
30606,437
30607,706
30608,245
30609,437
30610,706
30611,245
30612,437
30613,706
30614,245
30615,437
30616,706
30617,245
30618,385
30619,651
30620,237
30621,385
30622,651
30623,237
30624,385
30625,651
30626,237
30627,385
30628,651
30629,237
30630,385
30631,651
30632,237
30633,385
30634,651
30635,237
30636,368
30637,587
30638,201
30639,368
30640,587
30641,201
30642,368
30643,587
30644,201
30645,368
30646,587
30647,201
30648,368
30649,587
30650,201
30651,368
30652,587
30653,201
30654,458
30655,733
30656,265
30657,458
30658,733
30659,265
30660,458
30661,733
30662,265
30663,458
30664,733
30665,265
30666,458
30667,733
30668,265
30669,458
30670,733
30671,265
30672,488
30673,775
30674,286
30675,488
30676,775
30677,286
30678,488
30679,775
30680,286
30681,488
30682,775
30683,286
30684,488
30685,775
30686,286
30687,488
30688,775
30689,286
30690,344
30691,509
30692,202
30693,344
30694,509
30695,202
30696,344
30697,509
30698,202
30699,344
30700,509
30701,202
30702,344
30703,509
30704,202
30705,344
30706,509
30707,202
30708,336
30709,615
30710,198
30711,336
30712,615
30713,198
30714,336
30715,615
30716,198
30717,336
30718,615
30719,198
30720,336
30721,615
30722,198
30723,336
30724,615
30725,198
30726,359
30727,530
30728,209
30729,359
30730,530
30731,209
30732,359
30733,530
30734,209
30735,359
30736,530
30737,209
30738,359
30739,530
30740,209
30741,359
30742,530
30743,209
30744,379
30745,578
30746,238
30747,379
30748,578
30749,238
30750,379
30751,578
30752,238
30753,379
30754,578
30755,238
30756,379
30757,578
30758,238
30759,379
30760,578
30761,238
30762,394
30763,603
30764,252
30765,394
30766,603
30767,252
30768,394
30769,603
30770,252
30771,394
30772,603
30773,252
30774,394
30775,603
30776,252
30777,394
30778,603
30779,252
30780,641
30781,907
30782,337
30783,641
30784,907
30785,337
30786,641
30787,907
30788,337
30789,641
30790,907
30791,337
30792,641
30793,907
30794,337
30795,641
30796,907
30797,337
30798,483
30799,735
30800,287
30801,483
30802,735
30803,287
30804,483
30805,735
30806,287
30807,483
30808,735
30809,287
30810,483
30811,735
30812,287
30813,483
30814,735
30815,287
30816,332
30817,531
30818,230
30819,332
30820,531
30821,230
30822,332
30823,531
30824,230
30825,332
30826,531
30827,230
30828,332
30829,531
30830,230
30831,332
30832,531
30833,230
30834,379
30835,592
30836,197
30837,379
30838,592
30839,197
30840,379
30841,592
30842,197
30843,379
30844,592
30845,197
30846,379
30847,592
30848,197
30849,379
30850,592
30851,197
30852,461
30853,721
30854,243
30855,461
30856,721
30857,243
30858,461
30859,721
30860,243
30861,461
30862,721
30863,243
30864,461
30865,721
30866,243
30867,461
30868,721
30869,243
30870,355
30871,618
30872,202
30873,355
30874,618
30875,202
30876,355
30877,618
30878,202
30879,355
30880,618
30881,202
30882,355
30883,618
30884,202
30885,355
30886,618
30887,202
30888,395
30889,627
30890,209
30891,395
30892,627
30893,209
30894,395
30895,627
30896,209
30897,395
30898,627
30899,209
30900,395
30901,627
30902,209
30903,395
30904,627
30905,209
30906,539
30907,956
30908,303
30909,539
30910,956
30911,303
30912,539
30913,956
30914,303
30915,539
30916,956
30917,303
30918,539
30919,956
30920,303
30921,539
30922,956
30923,303
30924,482
30925,764
30926,210
30927,482
30928,764
30929,210
30930,482
30931,764
30932,210
30933,482
30934,764
30935,210
30936,482
30937,764
30938,210
30939,482
30940,764
30941,210
30942,417
30943,688
30944,141
30945,417
30946,688
30947,141
30948,417
30949,688
30950,141
30951,417
30952,688
30953,141
30954,417
30955,688
30956,141
30957,417
30958,688
30959,141
30960,378
30961,558
30962,177
30963,378
30964,558
30965,177
30966,378
30967,558
30968,177
30969,378
30970,558
30971,177
30972,378
30973,558
30974,177
30975,378
30976,558
30977,177
30978,517
30979,706
30980,211
30981,517
30982,706
30983,211
30984,517
30985,706
30986,211
30987,517
30988,706
30989,211
30990,517
30991,706
30992,211
30993,517
30994,706
30995,211
30996,368
30997,577
30998,191
30999,368
31000,577
31001,191
31002,368
31003,577
31004,191
31005,368
31006,577
31007,191
31008,368
31009,577
31010,191
31011,368
31012,577
31013,191
31014,415
31015,677
31016,177
31017,415
31018,677
31019,177
31020,415
31021,677
31022,177
31023,415
31024,677
31025,177
31026,415
31027,677
31028,177
31029,415
31030,677
31031,177
31032,730
31033,1081
31034,347
31035,730
31036,1081
31037,347
31038,730
31039,1081
31040,347
31041,730
31042,1081
31043,347
31044,730
31045,1081
31046,347
31047,730
31048,1081
31049,347
31050,658
31051,958
31052,298
31053,658
31054,958
31055,298
31056,658
31057,958
31058,298
31059,658
31060,958
31061,298
31062,658
31063,958
31064,298
31065,658
31066,958
31067,298
31068,404
31069,636
31070,203
31071,404
31072,636
31073,203
31074,404
31075,636
31076,203
31077,404
31078,636
31079,203
31080,404
31081,636
31082,203
31083,404
31084,636
31085,203
31086,421
31087,654
31088,194
31089,421
31090,654
31091,194
31092,421
31093,654
31094,194
31095,421
31096,654
31097,194
31098,421
31099,654
31100,194
31101,421
31102,654
31103,194
31104,397
31105,595
31106,170
31107,397
31108,595
31109,170
31110,397
31111,595
31112,170
31113,397
31114,595
31115,170
31116,397
31117,595
31118,170
31119,397
31120,595
31121,170
31122,458
31123,683
31124,251
31125,458
31126,683
31127,251
31128,458
31129,683
31130,251
31131,458
31132,683
31133,251
31134,458
31135,683
31136,251
31137,458
31138,683
31139,251
31140,360
31141,512
31142,158
31143,360
31144,512
31145,158
31146,360
31147,512
31148,158
31149,360
31150,512
31151,158
31152,360
31153,512
31154,158
31155,360
31156,512
31157,158
31158,652
31159,960
31160,261
31161,652
31162,960
31163,261
31164,652
31165,960
31166,261
31167,652
31168,960
31169,261
31170,652
31171,960
31172,261
31173,652
31174,960
31175,261
31176,598
31177,889
31178,236
31179,598
31180,889
31181,236
31182,598
31183,889
31184,236
31185,598
31186,889
31187,236
31188,598
31189,889
31190,236
31191,598
31192,889
31193,236
31194,409
31195,615
31196,190
31197,409
31198,615
31199,190
31200,409
31201,615
31202,190
31203,409
31204,615
31205,190
31206,409
31207,615
31208,190
31209,409
31210,615
31211,190
31212,524
31213,777
31214,247
31215,524
31216,777
31217,247
31218,524
31219,777
31220,247
31221,524
31222,777
31223,247
31224,524
31225,777
31226,247
31227,524
31228,777
31229,247
31230,402
31231,563
31232,207
31233,402
31234,563
31235,207
31236,402
31237,563
31238,207
31239,402
31240,563
31241,207
31242,402
31243,563
31244,207
31245,402
31246,563
31247,207
31248,411
31249,652
31250,194
31251,411
31252,652
31253,194
31254,411
31255,652
31256,194
31257,411
31258,652
31259,194
31260,411
31261,652
31262,194
31263,411
31264,652
31265,194
31266,715
31267,988
31268,270
31269,715
31270,988
31271,270
31272,715
31273,988
31274,270
31275,715
31276,988
31277,270
31278,715
31279,988
31280,270
31281,715
31282,988
31283,270
31284,715
31285,1033
31286,323
31287,715
31288,1033
31289,323
31290,715
31291,1033
31292,323
31293,715
31294,1033
31295,323
31296,715
31297,1033
31298,323
31299,715
31300,1033
31301,323
31302,551
31303,840
31304,228
31305,551
31306,840
31307,228
31308,551
31309,840
31310,228
31311,551
31312,840
31313,228
31314,551
31315,840
31316,228
31317,551
31318,840
31319,228
31320,387
31321,546
31322,205
31323,387
31324,546
31325,205
31326,387
31327,546
31328,205
31329,387
31330,546
31331,205
31332,387
31333,546
31334,205
31335,387
31336,546
31337,205
31338,511
31339,744
31340,210
31341,511
31342,744
31343,210
31344,511
31345,744
31346,210
31347,511
31348,744
31349,210
31350,511
31351,744
31352,210
31353,511
31354,744
31355,210
31356,461
31357,710
31358,191
31359,461
31360,710
31361,191
31362,461
31363,710
31364,191
31365,461
31366,710
31367,191
31368,461
31369,710
31370,191
31371,461
31372,710
31373,191
31374,611
31375,872
31376,249
31377,611
31378,872
31379,249
31380,611
31381,872
31382,249
31383,611
31384,872
31385,249
31386,611
31387,872
31388,249
31389,611
31390,872
31391,249
31392,527
31393,682
31394,176
31395,527
31396,682
31397,176
31398,527
31399,682
31400,176
31401,527
31402,682
31403,176
31404,527
31405,682
31406,176
31407,527
31408,682
31409,176
31410,678
31411,974
31412,370
31413,678
31414,974
31415,370
31416,678
31417,974
31418,370
31419,678
31420,974
31421,370
31422,678
31423,974
31424,370
31425,678
31426,974
31427,370
31428,743
31429,1068
31430,280
31431,743
31432,1068
31433,280
31434,743
31435,1068
31436,280
31437,743
31438,1068
31439,280
31440,743
31441,1068
31442,280
31443,743
31444,1068
31445,280
31446,427
31447,651
31448,140
31449,427
31450,651
31451,140
31452,427
31453,651
31454,140
31455,427
31456,651
31457,140
31458,427
31459,651
31460,140
31461,427
31462,651
31463,140
31464,399
31465,640
31466,129
31467,399
31468,640
31469,129
31470,399
31471,640
31472,129
31473,399
31474,640
31475,129
31476,399
31477,640
31478,129
31479,399
31480,640
31481,129
31482,662
31483,869
31484,323
31485,662
31486,869
31487,323
31488,662
31489,869
31490,323
31491,662
31492,869
31493,323
31494,662
31495,869
31496,323
31497,662
31498,869
31499,323
31500,560
31501,772
31502,235
31503,560
31504,772
31505,235
31506,560
31507,772
31508,235
31509,560
31510,772
31511,235
31512,560
31513,772
31514,235
31515,560
31516,772
31517,235
31518,544
31519,777
31520,178
31521,544
31522,777
31523,178
31524,544
31525,777
31526,178
31527,544
31528,777
31529,178
31530,544
31531,777
31532,178
31533,544
31534,777
31535,178
31536,699
31537,1035
31538,272
31539,699
31540,1035
31541,272
31542,699
31543,1035
31544,272
31545,699
31546,1035
31547,272
31548,699
31549,1035
31550,272
31551,699
31552,1035
31553,272
31554,621
31555,945
31556,240
31557,621
31558,945
31559,240
31560,621
31561,945
31562,240
31563,621
31564,945
31565,240
31566,621
31567,945
31568,240
31569,621
31570,945
31571,240
31572,380
31573,605
31574,179
31575,380
31576,605
31577,179
31578,380
31579,605
31580,179
31581,380
31582,605
31583,179
31584,380
31585,605
31586,179
31587,380
31588,605
31589,179
31590,595
31591,806
31592,196
31593,595
31594,806
31595,196
31596,595
31597,806
31598,196
31599,595
31600,806
31601,196
31602,595
31603,806
31604,196
31605,595
31606,806
31607,196
31608,475
31609,628
31610,196
31611,475
31612,628
31613,196
31614,475
31615,628
31616,196
31617,475
31618,628
31619,196
31620,475
31621,628
31622,196
31623,475
31624,628
31625,196
31626,569
31627,798
31628,212
31629,569
31630,798
31631,212
31632,569
31633,798
31634,212
31635,569
31636,798
31637,212
31638,569
31639,798
31640,212
31641,569
31642,798
31643,212
31644,537
31645,725
31646,151
31647,537
31648,725
31649,151
31650,537
31651,725
31652,151
31653,537
31654,725
31655,151
31656,537
31657,725
31658,151
31659,537
31660,725
31661,151
31662,695
31663,967
31664,244
31665,695
31666,967
31667,244
31668,695
31669,967
31670,244
31671,695
31672,967
31673,244
31674,695
31675,967
31676,244
31677,695
31678,967
31679,244
31680,574
31681,862
31682,263
31683,574
31684,862
31685,263
31686,574
31687,862
31688,263
31689,574
31690,862
31691,263
31692,574
31693,862
31694,263
31695,574
31696,862
31697,263
31698,610
31699,861
31700,206
31701,610
31702,861
31703,206
31704,610
31705,861
31706,206
31707,610
31708,861
31709,206
31710,610
31711,861
31712,206
31713,610
31714,861
31715,206
31716,561
31717,711
31718,251
31719,561
31720,711
31721,251
31722,561
31723,711
31724,251
31725,561
31726,711
31727,251
31728,561
31729,711
31730,251
31731,561
31732,711
31733,251
31734,496
31735,606
31736,214
31737,496
31738,606
31739,214
31740,496
31741,606
31742,214
31743,496
31744,606
31745,214
31746,496
31747,606
31748,214
31749,496
31750,606
31751,214
31752,518
31753,651
31754,178
31755,518
31756,651
31757,178
31758,518
31759,651
31760,178
31761,518
31762,651
31763,178
31764,518
31765,651
31766,178
31767,518
31768,651
31769,178
31770,454
31771,624
31772,223
31773,454
31774,624
31775,223
31776,454
31777,624
31778,223
31779,454
31780,624
31781,223
31782,454
31783,624
31784,223
31785,454
31786,624
31787,223
31788,653
31789,934
31790,236
31791,653
31792,934
31793,236
31794,653
31795,934
31796,236
31797,653
31798,934
31799,236
31800,653
31801,934
31802,236
31803,653
31804,934
31805,236
31806,762
31807,1064
31808,338
31809,762
31810,1064
31811,338
31812,762
31813,1064
31814,338
31815,762
31816,1064
31817,338
31818,762
31819,1064
31820,338
31821,762
31822,1064
31823,338
31824,435
31825,602
31826,199
31827,435
31828,602
31829,199
31830,435
31831,602
31832,199
31833,435
31834,602
31835,199
31836,435
31837,602
31838,199
31839,435
31840,602
31841,199
31842,596
31843,829
31844,223
31845,596
31846,829
31847,223
31848,596
31849,829
31850,223
31851,596
31852,829
31853,223
31854,596
31855,829
31856,223
31857,596
31858,829
31859,223
31860,596
31861,803
31862,212
31863,596
31864,803
31865,212
31866,596
31867,803
31868,212
31869,596
31870,803
31871,212
31872,596
31873,803
31874,212
31875,596
31876,803
31877,212
31878,537
31879,837
31880,207
31881,537
31882,837
31883,207
31884,537
31885,837
31886,207
31887,537
31888,837
31889,207
31890,537
31891,837
31892,207
31893,537
31894,837
31895,207
31896,672
31897,981
31898,288
31899,672
31900,981
31901,288
31902,672
31903,981
31904,288
31905,672
31906,981
31907,288
31908,672
31909,981
31910,288
31911,672
31912,981
31913,288
31914,1044
31915,1375
31916,557
31917,1044
31918,1375
31919,557
31920,1044
31921,1375
31922,557
31923,1044
31924,1375
31925,557
31926,1044
31927,1375
31928,557
31929,1044
31930,1375
31931,557
31932,630
31933,913
31934,285
31935,630
31936,913
31937,285
31938,630
31939,913
31940,285
31941,630
31942,913
31943,285
31944,630
31945,913
31946,285
31947,630
31948,913
31949,285
31950,497
31951,783
31952,166
31953,497
31954,783
31955,166
31956,497
31957,783
31958,166
31959,497
31960,783
31961,166
31962,497
31963,783
31964,166
31965,497
31966,783
31967,166
31968,657
31969,957
31970,296
31971,657
31972,957
31973,296
31974,657
31975,957
31976,296
31977,657
31978,957
31979,296
31980,657
31981,957
31982,296
31983,657
31984,957
31985,296
31986,500
31987,807
31988,154
31989,500
31990,807
31991,154
31992,500
31993,807
31994,154
31995,500
31996,807
31997,154
31998,500
31999,807
32000,154
32001,500
32002,807
32003,154
32004,549
32005,824
32006,238
32007,549
32008,824
32009,238
32010,549
32011,824
32012,238
32013,549
32014,824
32015,238
32016,549
32017,824
32018,238
32019,549
32020,824
32021,238
32022,755
32023,1020
32024,337
32025,755
32026,1020
32027,337
32028,755
32029,1020
32030,337
32031,755
32032,1020
32033,337
32034,755
32035,1020
32036,337
32037,755
32038,1020
32039,337
32040,875
32041,1207
32042,350
32043,875
32044,1207
32045,350
32046,875
32047,1207
32048,350
32049,875
32050,1207
32051,350
32052,875
32053,1207
32054,350
32055,875
32056,1207
32057,350
32058,555
32059,857
32060,250
32061,555
32062,857
32063,250
32064,555
32065,857
32066,250
32067,555
32068,857
32069,250
32070,555
32071,857
32072,250
32073,555
32074,857
32075,250
32076,387
32077,721
32078,144
32079,387
32080,721
32081,144
32082,387
32083,721
32084,144
32085,387
32086,721
32087,144
32088,387
32089,721
32090,144
32091,387
32092,721
32093,144
32094,417
32095,628
32096,165
32097,417
32098,628
32099,165
32100,417
32101,628
32102,165
32103,417
32104,628
32105,165
32106,417
32107,628
32108,165
32109,417
32110,628
32111,165
32112,448
32113,647
32114,190
32115,448
32116,647
32117,190
32118,448
32119,647
32120,190
32121,448
32122,647
32123,190
32124,448
32125,647
32126,190
32127,448
32128,647
32129,190
32130,449
32131,779
32132,172
32133,449
32134,779
32135,172
32136,449
32137,779
32138,172
32139,449
32140,779
32141,172
32142,449
32143,779
32144,172
32145,449
32146,779
32147,172
32148,612
32149,888
32150,255
32151,612
32152,888
32153,255
32154,612
32155,888
32156,255
32157,612
32158,888
32159,255
32160,612
32161,888
32162,255
32163,612
32164,888
32165,255
32166,516
32167,926
32168,218
32169,516
32170,926
32171,218
32172,516
32173,926
32174,218
32175,516
32176,926
32177,218
32178,516
32179,926
32180,218
32181,516
32182,926
32183,218
32184,624
32185,899
32186,199
32187,624
32188,899
32189,199
32190,624
32191,899
32192,199
32193,624
32194,899
32195,199
32196,624
32197,899
32198,199
32199,624
32200,899
32201,199
32202,574
32203,856
32204,242
32205,574
32206,856
32207,242
32208,574
32209,856
32210,242
32211,574
32212,856
32213,242
32214,574
32215,856
32216,242
32217,574
32218,856
32219,242
32220,560
32221,874
32222,166
32223,560
32224,874
32225,166
32226,560
32227,874
32228,166
32229,560
32230,874
32231,166
32232,560
32233,874
32234,166
32235,560
32236,874
32237,166
32238,574
32239,819
32240,266
32241,574
32242,819
32243,266
32244,574
32245,819
32246,266
32247,574
32248,819
32249,266
32250,574
32251,819
32252,266
32253,574
32254,819
32255,266
32256,541
32257,797
32258,179
32259,541
32260,797
32261,179
32262,541
32263,797
32264,179
32265,541
32266,797
32267,179
32268,541
32269,797
32270,179
32271,541
32272,797
32273,179
32274,563
32275,835
32276,167
32277,563
32278,835
32279,167
32280,563
32281,835
32282,167
32283,563
32284,835
32285,167
32286,563
32287,835
32288,167
32289,563
32290,835
32291,167
32292,770
32293,1091
32294,315
32295,770
32296,1091
32297,315
32298,770
32299,1091
32300,315
32301,770
32302,1091
32303,315
32304,770
32305,1091
32306,315
32307,770
32308,1091
32309,315
32310,631
32311,976
32312,274
32313,631
32314,976
32315,274
32316,631
32317,976
32318,274
32319,631
32320,976
32321,274
32322,631
32323,976
32324,274
32325,631
32326,976
32327,274
32328,558
32329,775
32330,174
32331,558
32332,775
32333,174
32334,558
32335,775
32336,174
32337,558
32338,775
32339,174
32340,558
32341,775
32342,174
32343,558
32344,775
32345,174
32346,533
32347,816
32348,266
32349,533
32350,816
32351,266
32352,533
32353,816
32354,266
32355,533
32356,816
32357,266
32358,533
32359,816
32360,266
32361,533
32362,816
32363,266
32364,440
32365,609
32366,162
32367,440
32368,609
32369,162
32370,440
32371,609
32372,162
32373,440
32374,609
32375,162
32376,440
32377,609
32378,162
32379,440
32380,609
32381,162
32382,473
32383,776
32384,154
32385,473
32386,776
32387,154
32388,473
32389,776
32390,154
32391,473
32392,776
32393,154
32394,473
32395,776
32396,154
32397,473
32398,776
32399,154
32400,549
32401,812
32402,230
32403,549
32404,812
32405,230
32406,549
32407,812
32408,230
32409,549
32410,812
32411,230
32412,549
32413,812
32414,230
32415,549
32416,812
32417,230
32418,716
32419,1084
32420,299
32421,716
32422,1084
32423,299
32424,716
32425,1084
32426,299
32427,716
32428,1084
32429,299
32430,716
32431,1084
32432,299
32433,716
32434,1084
32435,299
32436,625
32437,945
32438,303
32439,625
32440,945
32441,303
32442,625
32443,945
32444,303
32445,625
32446,945
32447,303
32448,625
32449,945
32450,303
32451,625
32452,945
32453,303
32454,508
32455,784
32456,210
32457,508
32458,784
32459,210
32460,508
32461,784
32462,210
32463,508
32464,784
32465,210
32466,508
32467,784
32468,210
32469,508
32470,784
32471,210
32472,504
32473,788
32474,185
32475,504
32476,788
32477,185
32478,504
32479,788
32480,185
32481,504
32482,788
32483,185
32484,504
32485,788
32486,185
32487,504
32488,788
32489,185
32490,530
32491,810
32492,209
32493,530
32494,810
32495,209
32496,530
32497,810
32498,209
32499,530
32500,810
32501,209
32502,530
32503,810
32504,209
32505,530
32506,810
32507,209
32508,405
32509,731
32510,171
32511,405
32512,731
32513,171
32514,405
32515,731
32516,171
32517,405
32518,731
32519,171
32520,405
32521,731
32522,171
32523,405
32524,731
32525,171
32526,590
32527,911
32528,242
32529,590
32530,911
32531,242
32532,590
32533,911
32534,242
32535,590
32536,911
32537,242
32538,590
32539,911
32540,242
32541,590
32542,911
32543,242
32544,735
32545,1176
32546,299
32547,735
32548,1176
32549,299
32550,735
32551,1176
32552,299
32553,735
32554,1176
32555,299
32556,735
32557,1176
32558,299
32559,735
32560,1176
32561,299
32562,559
32563,913
32564,224
32565,559
32566,913
32567,224
32568,559
32569,913
32570,224
32571,559
32572,913
32573,224
32574,559
32575,913
32576,224
32577,559
32578,913
32579,224
32580,477
32581,755
32582,165
32583,477
32584,755
32585,165
32586,477
32587,755
32588,165
32589,477
32590,755
32591,165
32592,477
32593,755
32594,165
32595,477
32596,755
32597,165
32598,476
32599,777
32600,173
32601,476
32602,777
32603,173
32604,476
32605,777
32606,173
32607,476
32608,777
32609,173
32610,476
32611,777
32612,173
32613,476
32614,777
32615,173
32616,553
32617,926
32618,149
32619,553
32620,926
32621,149
32622,553
32623,926
32624,149
32625,553
32626,926
32627,149
32628,553
32629,926
32630,149
32631,553
32632,926
32633,149
32634,401
32635,657
32636,189
32637,401
32638,657
32639,189
32640,401
32641,657
32642,189
32643,401
32644,657
32645,189
32646,401
32647,657
32648,189
32649,401
32650,657
32651,189
32652,412
32653,631
32654,146
32655,412
32656,631
32657,146
32658,412
32659,631
32660,146
32661,412
32662,631
32663,146
32664,412
32665,631
32666,146
32667,412
32668,631
32669,146
32670,492
32671,890
32672,214
32673,492
32674,890
32675,214
32676,492
32677,890
32678,214
32679,492
32680,890
32681,214
32682,492
32683,890
32684,214
32685,492
32686,890
32687,214
32688,685
32689,1035
32690,320
32691,685
32692,1035
32693,320
32694,685
32695,1035
32696,320
32697,685
32698,1035
32699,320
32700,685
32701,1035
32702,320
32703,685
32704,1035
32705,320
32706,445
32707,746
32708,192
32709,445
32710,746
32711,192
32712,445
32713,746
32714,192
32715,445
32716,746
32717,192
32718,445
32719,746
32720,192
32721,445
32722,746
32723,192
32724,616
32725,937
32726,178
32727,616
32728,937
32729,178
32730,616
32731,937
32732,178
32733,616
32734,937
32735,178
32736,616
32737,937
32738,178
32739,616
32740,937
32741,178
32742,568
32743,801
32744,232
32745,568
32746,801
32747,232
32748,568
32749,801
32750,232
32751,568
32752,801
32753,232
32754,568
32755,801
32756,232
32757,568
32758,801
32759,232
32760,576
32761,812
32762,273
32763,576
32764,812
32765,273
32766,576
32767,812
32768,273
32769,576
32770,812
32771,273
32772,576
32773,812
32774,273
32775,576
32776,812
32777,273
32778,803
32779,1139
32780,363
32781,803
32782,1139
32783,363
32784,803
32785,1139
32786,363
32787,803
32788,1139
32789,363
32790,803
32791,1139
32792,363
32793,803
32794,1139
32795,363
32796,1087
32797,1595
32798,515
32799,1087
32800,1595
32801,515
32802,1087
32803,1595
32804,515
32805,1087
32806,1595
32807,515
32808,1087
32809,1595
32810,515
32811,1087
32812,1595
32813,515
32814,1226
32815,1761
32816,615
32817,1226
32818,1761
32819,615
32820,1226
32821,1761
32822,615
32823,1226
32824,1761
32825,615
32826,1226
32827,1761
32828,615
32829,1226
32830,1761
32831,615
32832,1105
32833,1506
32834,489
32835,1105
32836,1506
32837,489
32838,1105
32839,1506
32840,489
32841,1105
32842,1506
32843,489
32844,1105
32845,1506
32846,489
32847,1105
32848,1506
32849,489
32850,966
32851,1368
32852,359
32853,966
32854,1368
32855,359
32856,966
32857,1368
32858,359
32859,966
32860,1368
32861,359
32862,966
32863,1368
32864,359
32865,966
32866,1368
32867,359
